{
  "$id": "1",
  "definitionId": "7965802917454235a9d9a2f6abe04b5c",
  "versionId": "a688c4c4b7774b75892c3f4d9125d7c9",
  "name": "VisualDocumentApprovalWorkflow",
  "displayName": "Visual Document Approval Workflow",
  "version": 1,
  "variables": {
    "$id": "2",
    "data": {}
  },
  "customAttributes": {
    "$id": "3",
    "data": {}
  },
  "isSingleton": false,
  "persistenceBehavior": "WorkflowBurst",
  "deleteCompletedInstances": false,
  "isPublished": false,
  "isLatest": true,
  "createdAt": "2023-04-08T16:23:29.3169861Z",
  "activities": [
    {
      "$id": "4",
      "activityId": "d402ce5e-4192-4c9b-b881-f7a6c1a98c64",
      "type": "HttpEndpoint",
      "displayName": "HTTP Endpoint",
      "persistWorkflow": false,
      "loadWorkflowContext": false,
      "saveWorkflowContext": false,
      "properties": [
        {
          "$id": "5",
          "name": "Path",
          "expressions": {
            "$id": "6",
            "Literal": "/v2/documents"
          }
        },
        {
          "$id": "7",
          "name": "Methods",
          "expressions": {
            "$id": "8",
            "Json": "[\"POST\"]"
          }
        },
        {
          "$id": "9",
          "name": "ReadContent",
          "expressions": {
            "$id": "10",
            "Literal": "true"
          }
        },
        {
          "$id": "11",
          "name": "TargetType",
          "expressions": {
            "$id": "12"
          }
        },
        {
          "$id": "13",
          "name": "Schema",
          "syntax": "Literal",
          "expressions": {
            "$id": "14",
            "Literal": ""
          }
        },
        {
          "$id": "15",
          "name": "Authorize",
          "expressions": {
            "$id": "16"
          }
        },
        {
          "$id": "17",
          "name": "Policy",
          "expressions": {
            "$id": "18"
          }
        }
      ],
      "propertyStorageProviders": {
        "$id": "19"
      }
    },
    {
      "$id": "20",
      "activityId": "5a42afda-2fac-4036-b62b-36532f48e8a6",
      "type": "SetVariable",
      "displayName": "Set Variable",
      "persistWorkflow": false,
      "loadWorkflowContext": false,
      "saveWorkflowContext": false,
      "properties": [
        {
          "$id": "21",
          "name": "VariableName",
          "expressions": {
            "$id": "22",
            "Literal": "Document"
          }
        },
        {
          "$id": "23",
          "name": "Value",
          "syntax": "JavaScript",
          "expressions": {
            "$id": "24",
            "JavaScript": "input.Body"
          }
        }
      ],
      "propertyStorageProviders": {
        "$id": "25"
      }
    },
    {
      "$id": "26",
      "activityId": "6874403e-fdfa-478a-b83b-f761facf4d21",
      "type": "SendEmail",
      "displayName": "Send Email",
      "persistWorkflow": false,
      "loadWorkflowContext": false,
      "saveWorkflowContext": false,
      "properties": [
        {
          "$id": "27",
          "name": "From",
          "expressions": {
            "$id": "28",
            "Literal": "workflow@acme.com"
          }
        },
        {
          "$id": "29",
          "name": "To",
          "expressions": {
            "$id": "30",
            "Json": "[\"josh@acme.com\"]"
          }
        },
        {
          "$id": "31",
          "name": "Subject",
          "syntax": "Liquid",
          "expressions": {
            "$id": "32",
            "Literal": "Document received from {{Variables.Document.Author.Name}}",
            "Liquid": "Document received from {{Variables.Document.Author.Name}}"
          }
        },
        {
          "$id": "33",
          "name": "Attachments",
          "expressions": {
            "$id": "34"
          }
        },
        {
          "$id": "35",
          "name": "Body",
          "expressions": {
            "$id": "36",
            "Literal": "Document from {{ Variables.Document.Author.Name }} received for review.<br><a href=\"{{ \"Approve\" | signal_url }}\">Approve</a> or <a href=\"{{ \"Reject\" | signal_url }}\">Reject</a>"
          }
        },
        {
          "$id": "37",
          "name": "Cc",
          "expressions": {
            "$id": "38"
          }
        },
        {
          "$id": "39",
          "name": "Bcc",
          "expressions": {
            "$id": "40"
          }
        }
      ],
      "propertyStorageProviders": {
        "$id": "41"
      }
    },
    {
      "$id": "42",
      "activityId": "b983dc17-ae1d-4d4d-aaa2-cbf06f385049",
      "type": "WriteHttpResponse",
      "displayName": "HTTP Response",
      "persistWorkflow": false,
      "loadWorkflowContext": false,
      "saveWorkflowContext": false,
      "properties": [
        {
          "$id": "43",
          "name": "Content",
          "expressions": {
            "$id": "44",
            "Literal": "<h1>Request for Approval Sent</h1><p>Your document has been received and will be reviewed shortly.</p>"
          }
        },
        {
          "$id": "45",
          "name": "ContentType",
          "expressions": {
            "$id": "46",
            "Literal": "text/html"
          }
        },
        {
          "$id": "47",
          "name": "StatusCode",
          "expressions": {
            "$id": "48",
            "Literal": "OK"
          }
        },
        {
          "$id": "49",
          "name": "CharSet",
          "expressions": {
            "$id": "50",
            "Literal": ""
          }
        },
        {
          "$id": "51",
          "name": "ResponseHeaders",
          "expressions": {
            "$id": "52"
          }
        }
      ],
      "propertyStorageProviders": {
        "$id": "53"
      }
    },
    {
      "$id": "54",
      "activityId": "737f8372-f65d-4c15-8c2d-85b2a392e5cc",
      "type": "Fork",
      "displayName": "Fork",
      "persistWorkflow": false,
      "loadWorkflowContext": false,
      "saveWorkflowContext": false,
      "properties": [
        {
          "$id": "55",
          "name": "Branches",
          "expressions": {
            "$id": "56",
            "Json": "[\"Approve\",\"Reject\",\"Remind\"]"
          }
        }
      ],
      "propertyStorageProviders": {
        "$id": "57"
      }
    },
    {
      "$id": "58",
      "activityId": "dd75576a-509d-470e-b0f7-ae2ff611216a",
      "type": "SignalReceived",
      "displayName": "Signal Received",
      "persistWorkflow": false,
      "loadWorkflowContext": false,
      "saveWorkflowContext": false,
      "properties": [
        {
          "$id": "59",
          "name": "Signal",
          "expressions": {
            "$id": "60",
            "Literal": "Approve"
          }
        }
      ],
      "propertyStorageProviders": {
        "$id": "61"
      }
    },
    {
      "$id": "62",
      "activityId": "616eb9e2-10b6-4394-b1af-789e154c38d9",
      "type": "SendEmail",
      "displayName": "Send Email",
      "persistWorkflow": false,
      "loadWorkflowContext": false,
      "saveWorkflowContext": false,
      "properties": [
        {
          "$id": "63",
          "name": "From",
          "expressions": {
            "$id": "64",
            "Literal": "workflow@acme.com"
          }
        },
        {
          "$id": "65",
          "name": "To",
          "syntax": "JavaScript",
          "expressions": {
            "$id": "66",
            "JavaScript": "[Document.Author.Email]"
          }
        },
        {
          "$id": "67",
          "name": "Subject",
          "syntax": "Liquid",
          "expressions": {
            "$id": "68",
            "Liquid": "Document {{ Variables.Document.Id }} Approved!"
          }
        },
        {
          "$id": "69",
          "name": "Attachments",
          "expressions": {
            "$id": "70"
          }
        },
        {
          "$id": "71",
          "name": "Body",
          "syntax": "Liquid",
          "expressions": {
            "$id": "72",
            "Liquid": "Great job {{ Variables.Document.Author.Name }}, that document is perfect."
          }
        },
        {
          "$id": "73",
          "name": "Cc",
          "expressions": {
            "$id": "74"
          }
        },
        {
          "$id": "75",
          "name": "Bcc",
          "expressions": {
            "$id": "76"
          }
        }
      ],
      "propertyStorageProviders": {
        "$id": "77"
      }
    },
    {
      "$id": "78",
      "activityId": "b28a29f5-8e10-4263-bafd-26549270cd79",
      "type": "SignalReceived",
      "displayName": "Signal Received",
      "persistWorkflow": false,
      "loadWorkflowContext": false,
      "saveWorkflowContext": false,
      "properties": [
        {
          "$id": "79",
          "name": "Signal",
          "expressions": {
            "$id": "80",
            "Literal": "Reject"
          }
        }
      ],
      "propertyStorageProviders": {
        "$id": "81"
      }
    },
    {
      "$id": "82",
      "activityId": "d0d1c4a0-77a6-4974-9c43-05ca995f9dd7",
      "type": "SendEmail",
      "displayName": "Send Email",
      "persistWorkflow": false,
      "loadWorkflowContext": false,
      "saveWorkflowContext": false,
      "properties": [
        {
          "$id": "83",
          "name": "From",
          "expressions": {
            "$id": "84",
            "Literal": "workflow@acme.com"
          }
        },
        {
          "$id": "85",
          "name": "To",
          "syntax": "JavaScript",
          "expressions": {
            "$id": "86",
            "JavaScript": "[Document.Author.Email]"
          }
        },
        {
          "$id": "87",
          "name": "Subject",
          "syntax": "Liquid",
          "expressions": {
            "$id": "88",
            "Liquid": "Document {{ Variables.Document.Id }} Rejected"
          }
        },
        {
          "$id": "89",
          "name": "Attachments",
          "expressions": {
            "$id": "90"
          }
        },
        {
          "$id": "91",
          "name": "Body",
          "syntax": "Liquid",
          "expressions": {
            "$id": "92",
            "Liquid": "Nice try {{ Variables.Document.Author.Name }}, but that document needs work."
          }
        },
        {
          "$id": "93",
          "name": "Cc",
          "expressions": {
            "$id": "94"
          }
        },
        {
          "$id": "95",
          "name": "Bcc",
          "expressions": {
            "$id": "96"
          }
        }
      ],
      "propertyStorageProviders": {
        "$id": "97"
      }
    },
    {
      "$id": "98",
      "activityId": "d35fd5aa-687c-4e9e-8222-a79117a06277",
      "type": "Timer",
      "displayName": "Timer",
      "persistWorkflow": false,
      "loadWorkflowContext": false,
      "saveWorkflowContext": false,
      "properties": [
        {
          "$id": "99",
          "name": "Timeout",
          "syntax": "JavaScript",
          "expressions": {
            "$id": "100",
            "JavaScript": "Duration.FromSeconds(10)"
          }
        }
      ],
      "propertyStorageProviders": {
        "$id": "101"
      }
    },
    {
      "$id": "102",
      "activityId": "50d21d45-f5c0-433a-95b4-87d9842ff516",
      "type": "SendEmail",
      "displayName": "Send Email",
      "persistWorkflow": false,
      "loadWorkflowContext": false,
      "saveWorkflowContext": false,
      "properties": [
        {
          "$id": "103",
          "name": "From",
          "expressions": {
            "$id": "104",
            "Literal": "workflow@acme.com"
          }
        },
        {
          "$id": "105",
          "name": "To",
          "expressions": {
            "$id": "106",
            "Json": "[\"josh@acme.com\"]"
          }
        },
        {
          "$id": "107",
          "name": "Subject",
          "syntax": "Liquid",
          "expressions": {
            "$id": "108",
            "Liquid": "{{ Variables.Document.Author.Name }} is waiting for your review!"
          }
        },
        {
          "$id": "109",
          "name": "Attachments",
          "expressions": {
            "$id": "110"
          }
        },
        {
          "$id": "111",
          "name": "Body",
          "syntax": "Liquid",
          "expressions": {
            "$id": "112",
            "Liquid": "Don't forget to review document {{ Variables.Document.Id }}.<br><a href=\"{{ \"Approve\" | signal_url }}\">Approve</a> or <a href=\"{{ \"Reject\" | signal_url }}\">Reject</a>"
          }
        },
        {
          "$id": "113",
          "name": "Cc",
          "expressions": {
            "$id": "114"
          }
        },
        {
          "$id": "115",
          "name": "Bcc",
          "expressions": {
            "$id": "116"
          }
        }
      ],
      "propertyStorageProviders": {
        "$id": "117"
      }
    },
    {
      "$id": "118",
      "activityId": "91c0981a-2807-432b-98f4-fdbf38eaf09e",
      "type": "Join",
      "displayName": "Join",
      "persistWorkflow": false,
      "loadWorkflowContext": false,
      "saveWorkflowContext": false,
      "properties": [
        {
          "$id": "119",
          "name": "EagerJoin",
          "expressions": {
            "$id": "120"
          }
        },
        {
          "$id": "121",
          "name": "Mode",
          "expressions": {
            "$id": "122",
            "Literal": "WaitAny"
          }
        }
      ],
      "propertyStorageProviders": {
        "$id": "123"
      }
    },
    {
      "$id": "124",
      "activityId": "53888881-fc08-426d-872a-3ddedc1db6a2",
      "type": "WriteHttpResponse",
      "displayName": "HTTP Response",
      "persistWorkflow": false,
      "loadWorkflowContext": false,
      "saveWorkflowContext": false,
      "properties": [
        {
          "$id": "125",
          "name": "Content",
          "expressions": {
            "$id": "126",
            "Literal": "Thanks for the hard work!"
          }
        },
        {
          "$id": "127",
          "name": "ContentType",
          "expressions": {
            "$id": "128",
            "Literal": "text/html"
          }
        },
        {
          "$id": "129",
          "name": "StatusCode",
          "expressions": {
            "$id": "130",
            "Literal": "OK"
          }
        },
        {
          "$id": "131",
          "name": "CharSet",
          "expressions": {
            "$id": "132",
            "Literal": ""
          }
        },
        {
          "$id": "133",
          "name": "ResponseHeaders",
          "expressions": {
            "$id": "134"
          }
        }
      ],
      "propertyStorageProviders": {
        "$id": "135"
      }
    }
  ],
  "connections": [
    {
      "$id": "136",
      "sourceActivityId": "d402ce5e-4192-4c9b-b881-f7a6c1a98c64",
      "targetActivityId": "5a42afda-2fac-4036-b62b-36532f48e8a6",
      "outcome": "Done"
    },
    {
      "$id": "137",
      "sourceActivityId": "5a42afda-2fac-4036-b62b-36532f48e8a6",
      "targetActivityId": "6874403e-fdfa-478a-b83b-f761facf4d21",
      "outcome": "Done"
    },
    {
      "$id": "138",
      "sourceActivityId": "6874403e-fdfa-478a-b83b-f761facf4d21",
      "targetActivityId": "b983dc17-ae1d-4d4d-aaa2-cbf06f385049",
      "outcome": "Done"
    },
    {
      "$id": "139",
      "sourceActivityId": "b983dc17-ae1d-4d4d-aaa2-cbf06f385049",
      "targetActivityId": "737f8372-f65d-4c15-8c2d-85b2a392e5cc",
      "outcome": "Done"
    },
    {
      "$id": "140",
      "sourceActivityId": "737f8372-f65d-4c15-8c2d-85b2a392e5cc",
      "targetActivityId": "dd75576a-509d-470e-b0f7-ae2ff611216a",
      "outcome": "Approve"
    },
    {
      "$id": "141",
      "sourceActivityId": "dd75576a-509d-470e-b0f7-ae2ff611216a",
      "targetActivityId": "616eb9e2-10b6-4394-b1af-789e154c38d9",
      "outcome": "Done"
    },
    {
      "$id": "142",
      "sourceActivityId": "737f8372-f65d-4c15-8c2d-85b2a392e5cc",
      "targetActivityId": "b28a29f5-8e10-4263-bafd-26549270cd79",
      "outcome": "Reject"
    },
    {
      "$id": "143",
      "sourceActivityId": "b28a29f5-8e10-4263-bafd-26549270cd79",
      "targetActivityId": "d0d1c4a0-77a6-4974-9c43-05ca995f9dd7",
      "outcome": "Done"
    },
    {
      "$id": "144",
      "sourceActivityId": "737f8372-f65d-4c15-8c2d-85b2a392e5cc",
      "targetActivityId": "d35fd5aa-687c-4e9e-8222-a79117a06277",
      "outcome": "Remind"
    },
    {
      "$id": "145",
      "sourceActivityId": "d35fd5aa-687c-4e9e-8222-a79117a06277",
      "targetActivityId": "50d21d45-f5c0-433a-95b4-87d9842ff516",
      "outcome": "Done"
    },
    {
      "$id": "146",
      "sourceActivityId": "616eb9e2-10b6-4394-b1af-789e154c38d9",
      "targetActivityId": "91c0981a-2807-432b-98f4-fdbf38eaf09e",
      "outcome": "Done"
    },
    {
      "$id": "147",
      "sourceActivityId": "d0d1c4a0-77a6-4974-9c43-05ca995f9dd7",
      "targetActivityId": "91c0981a-2807-432b-98f4-fdbf38eaf09e",
      "outcome": "Done"
    },
    {
      "$id": "148",
      "sourceActivityId": "91c0981a-2807-432b-98f4-fdbf38eaf09e",
      "targetActivityId": "53888881-fc08-426d-872a-3ddedc1db6a2",
      "outcome": "Done"
    },
    {
      "$id": "149",
      "sourceActivityId": "50d21d45-f5c0-433a-95b4-87d9842ff516",
      "targetActivityId": "d35fd5aa-687c-4e9e-8222-a79117a06277",
      "outcome": "Done"
    }
  ],
  "id": "a688c4c4b7774b75892c3f4d9125d7c9"
}